age,classe,type_repas,calories,cout_repas,freq_consommation,satisfaction,recommande
15,collège,sans gluten,570,6.64,2,3,1
7,primaire,sans gluten,638,6.97,0,2,1
11,primaire,standard,739,4.64,2,3,1
7,primaire,standard,661,6.21,4,3,0
14,collège,standard,785,5.82,4,3,0
6,primaire,halal,510,6.02,3,3,0
10,primaire,standard,595,7.45,5,3,1
18,lycée,standard,704,5.65,2,4,0
13,collège,standard,626,6.49,2,3,0
13,collège,standard,747,7.1,4,4,1
9,primaire,standard,722,6.38,3,4,0
11,primaire,standard,613,6.61,4,3,1
16,lycée,standard,544,6.7,4,3,1
17,lycée,végétarien,718,5.77,3,3,0
11,primaire,standard,568,5.25,2,3,0
18,lycée,standard,818,5.45,4,3,1
7,primaire,standard,750,5.07,4,5,1
14,collège,halal,750,7.15,2,3,0
14,collège,standard,676,5.54,2,3,0
10,primaire,végétarien,714,6.0,3,4,1
15,collège,standard,702,6.21,1,4,0
18,lycée,standard,502,5.54,2,3,0
7,primaire,standard,560,6.17,2,3,1
14,collège,standard,715,6.12,0,3,0
11,primaire,standard,799,5.96,2,4,1
6,primaire,végétarien,637,5.61,1,4,1
14,collège,standard,628,4.63,2,3,1
13,collège,standard,488,5.86,2,2,1
6,primaire,standard,723,5.58,4,4,1
6,primaire,standard,767,7.11,3,4,1
18,lycée,standard,906,6.89,1,2,0
13,collège,standard,551,5.63,2,3,0
9,primaire,sans gluten,483,7.3,3,4,0
8,primaire,standard,580,5.15,3,3,0
15,collège,halal,717,6.9,1,4,1
14,collège,standard,732,6.01,0,4,0
17,lycée,standard,869,5.82,5,4,1
11,primaire,standard,667,5.27,3,4,1
11,primaire,standard,868,5.55,3,4,0
12,collège,standard,792,5.67,4,3,1
7,primaire,sans gluten,692,8.54,3,3,1
6,primaire,standard,653,4.93,3,4,1
6,primaire,végétarien,509,6.14,4,3,1
7,primaire,halal,706,5.89,1,4,0
16,lycée,halal,782,7.35,1,3,1
14,collège,standard,850,6.73,3,3,1
11,primaire,standard,506,5.22,3,4,1
9,primaire,standard,514,7.51,3,4,1
11,primaire,standard,909,5.47,2,4,1
16,lycée,halal,668,6.31,0,4,1
7,primaire,standard,645,7.73,3,4,1
13,collège,standard,770,6.46,1,4,1
13,collège,standard,614,6.03,5,4,1
9,primaire,standard,401,6.33,3,3,0
15,collège,standard,737,6.19,3,4,1
13,collège,standard,602,7.21,2,3,1
10,primaire,végétarien,715,5.99,1,3,1
18,lycée,standard,568,4.85,0,3,0
10,primaire,sans gluten,918,6.03,2,3,0
6,primaire,standard,638,5.94,0,4,1
15,collège,standard,579,6.11,4,3,1
6,primaire,standard,867,7.1,1,3,0
14,collège,standard,713,6.46,4,4,1
10,primaire,végétarien,459,6.91,2,2,0
16,lycée,végétarien,537,5.72,3,3,1
11,primaire,halal,541,7.71,5,3,1
9,primaire,halal,510,7.07,4,3,1
12,collège,halal,724,6.73,5,3,0
16,lycée,standard,985,6.05,5,3,0
9,primaire,végétarien,440,6.29,3,4,1
7,primaire,sans gluten,619,6.79,0,4,1
6,primaire,standard,716,5.56,3,4,1
10,primaire,standard,798,5.32,2,4,1
7,primaire,standard,771,7.19,3,3,0
14,collège,standard,761,4.39,2,4,1
18,lycée,végétarien,576,7.15,3,3,1
16,lycée,végétarien,776,5.78,3,4,0
7,primaire,végétarien,531,6.64,4,4,1
15,collège,standard,630,5.27,1,5,1
13,collège,standard,403,5.62,1,2,0
17,lycée,sans gluten,696,7.01,2,5,1
8,primaire,halal,848,6.25,2,4,1
7,primaire,standard,613,6.35,1,3,1
7,primaire,standard,589,6.38,1,3,1
16,lycée,standard,675,5.8,1,3,0
12,collège,végétarien,588,6.1,1,4,1
9,primaire,standard,749,6.51,4,4,0
12,collège,halal,741,5.16,2,4,1
14,collège,sans gluten,438,7.84,3,3,1
8,primaire,standard,698,5.79,1,3,1
18,lycée,sans gluten,644,7.67,2,3,0
8,primaire,végétarien,577,5.56,4,2,1
10,primaire,standard,654,4.63,3,4,1
17,lycée,végétarien,807,6.13,2,4,0
16,lycée,standard,553,5.64,3,2,0
12,collège,végétarien,598,5.62,5,3,1
16,lycée,sans gluten,516,5.51,3,4,1
9,primaire,standard,900,6.04,3,4,1
14,collège,végétarien,474,7.01,3,2,1
12,collège,végétarien,498,5.77,3,3,0
12,collège,standard,656,6.35,4,4,1
14,collège,standard,828,5.05,2,3,0
10,primaire,végétarien,557,7.42,0,3,0
18,lycée,sans gluten,670,6.89,2,5,1
17,lycée,végétarien,550,5.56,2,3,1
12,collège,standard,611,5.74,2,3,1
12,collège,standard,737,6.14,1,4,1
11,primaire,standard,666,6.06,2,3,0
13,collège,végétarien,402,5.43,2,3,0
14,collège,standard,868,5.54,1,3,0
14,collège,halal,903,7.39,0,3,1
18,lycée,standard,832,6.32,4,3,0
18,lycée,standard,920,6.23,0,2,0
14,collège,végétarien,532,6.67,5,3,1
15,collège,végétarien,657,7.25,2,4,1
16,lycée,standard,571,5.2,2,4,0
14,collège,standard,789,4.85,4,3,1
9,primaire,standard,674,5.66,4,5,1
15,collège,standard,630,6.22,3,3,1
8,primaire,standard,850,7.66,1,3,0
17,lycée,halal,668,5.53,0,3,1
13,collège,standard,897,6.01,4,3,0
14,collège,standard,779,7.01,3,3,0
18,lycée,végétarien,770,5.75,3,3,1
18,lycée,standard,739,5.53,1,2,0
13,collège,sans gluten,741,7.53,2,4,1
13,collège,standard,717,5.7,4,4,1
15,collège,standard,832,5.5,2,4,1
9,primaire,standard,647,6.0,2,4,1
10,primaire,sans gluten,673,6.96,2,3,1
9,primaire,standard,551,6.82,3,3,1
6,primaire,sans gluten,453,6.98,1,2,0
14,collège,végétarien,840,6.6,1,3,1
15,collège,standard,464,6.3,3,3,0
7,primaire,standard,742,5.35,2,3,0
17,lycée,standard,820,5.35,1,3,0
15,collège,végétarien,559,5.29,5,3,1
10,primaire,standard,755,5.5,1,3,0
16,lycée,standard,707,5.8,1,3,0
11,primaire,végétarien,578,6.8,4,5,1
18,lycée,standard,796,6.6,3,4,1
18,lycée,sans gluten,613,8.08,3,3,1
12,collège,standard,624,5.67,1,4,1
9,primaire,sans gluten,366,6.76,0,2,1
7,primaire,végétarien,678,6.44,2,5,1
13,collège,standard,537,6.2,2,3,0
7,primaire,standard,489,5.72,5,3,0
7,primaire,standard,585,5.87,0,2,0
15,collège,végétarien,626,6.49,2,3,0
15,collège,halal,809,6.45,1,5,1
9,primaire,standard,901,5.13,3,4,1
17,lycée,standard,1026,5.41,2,3,0
6,primaire,végétarien,622,5.64,4,4,1
12,collège,standard,899,6.69,2,3,0
14,collège,standard,682,4.73,4,5,1
13,collège,halal,644,6.02,3,4,1
7,primaire,standard,502,6.26,5,3,0
14,collège,halal,739,6.09,2,3,0
10,primaire,standard,628,6.19,4,4,1
7,primaire,standard,544,6.33,1,3,0
9,primaire,standard,681,5.66,0,3,1
10,primaire,standard,550,5.61,2,3,1
9,primaire,végétarien,433,6.39,3,3,1
8,primaire,standard,659,5.6,2,3,1
12,collège,standard,690,5.12,1,4,0
17,lycée,sans gluten,722,6.73,2,3,1
7,primaire,végétarien,693,5.2,2,5,1
14,collège,standard,675,6.16,1,3,0
17,lycée,standard,720,6.69,2,3,0
14,collège,halal,735,6.22,3,3,0
16,lycée,standard,795,7.41,3,3,1
7,primaire,sans gluten,634,6.5,3,4,1
16,lycée,standard,849,5.99,3,3,1
15,collège,végétarien,652,5.09,2,4,0
14,collège,standard,586,5.53,2,3,1
17,lycée,standard,532,6.89,5,3,0
15,collège,standard,897,5.95,2,2,0
7,primaire,végétarien,590,5.92,4,4,1
18,lycée,standard,845,6.42,5,3,0
13,collège,standard,828,6.81,2,4,1
12,collège,sans gluten,490,7.07,4,3,1
17,lycée,standard,446,6.54,3,2,0
12,collège,standard,620,7.44,4,4,1
8,primaire,standard,590,5.25,3,4,1
13,collège,standard,641,4.98,5,4,1
17,lycée,standard,840,5.43,4,3,0
17,lycée,standard,842,7.39,3,3,1
15,collège,standard,612,7.58,2,4,1
6,primaire,standard,568,7.61,4,2,1
12,collège,standard,812,5.87,1,2,0
14,collège,sans gluten,718,6.35,1,3,0
17,lycée,végétarien,691,4.72,5,4,0
18,lycée,standard,867,6.29,4,2,0
10,primaire,sans gluten,613,6.47,3,3,1
18,lycée,végétarien,734,5.54,3,4,1
9,primaire,halal,743,4.75,3,4,1
15,collège,standard,875,4.57,0,3,0
17,lycée,sans gluten,771,6.46,3,5,1
16,lycée,végétarien,783,5.82,3,4,1
8,primaire,standard,497,4.56,5,2,1
15,collège,standard,747,6.15,1,3,0
17,lycée,halal,802,6.91,2,3,0
13,collège,standard,773,5.52,5,3,0
9,primaire,standard,728,5.75,5,5,1
16,lycée,standard,621,5.27,1,3,1
8,primaire,halal,601,7.1,1,4,1
16,lycée,standard,870,6.15,2,2,1
7,primaire,standard,589,5.22,5,3,1
18,lycée,standard,905,5.32,2,3,1
16,lycée,standard,806,4.92,3,3,1
15,collège,végétarien,675,6.67,2,4,0
14,collège,standard,820,5.61,2,3,1
6,primaire,sans gluten,526,6.69,3,3,1
18,lycée,standard,738,5.08,1,3,1
16,lycée,standard,674,6.02,4,3,1
14,collège,standard,584,6.23,4,3,1
14,collège,standard,432,5.14,1,2,0
17,lycée,standard,796,5.76,5,4,0
8,primaire,végétarien,559,7.21,3,4,1
10,primaire,standard,656,6.13,1,4,1
15,collège,végétarien,573,5.66,3,4,1
9,primaire,végétarien,577,4.87,3,4,1
7,primaire,standard,655,6.01,4,3,1
18,lycée,halal,914,5.65,4,3,0
11,primaire,standard,812,7.13,4,3,0
18,lycée,halal,880,7.56,1,3,1
16,lycée,standard,817,5.06,3,4,1
15,collège,végétarien,702,8.0,3,4,1
16,lycée,standard,590,7.0,2,2,0
8,primaire,standard,799,6.61,2,4,1
15,collège,standard,583,7.05,1,3,0
6,primaire,standard,609,7.24,5,3,0
16,lycée,standard,694,6.65,0,4,1
8,primaire,standard,642,5.38,2,4,1
17,lycée,végétarien,553,6.43,2,3,0
9,primaire,standard,598,5.84,2,4,1
17,lycée,sans gluten,527,7.71,4,2,1
15,collège,standard,695,6.65,0,3,0
17,lycée,standard,907,6.36,2,2,0
18,lycée,sans gluten,439,5.79,4,3,0
16,lycée,sans gluten,922,8.1,5,2,1
10,primaire,standard,465,7.8,4,2,0
16,lycée,standard,1038,6.49,5,2,0
17,lycée,sans gluten,654,6.99,2,4,1
9,primaire,standard,647,6.48,0,4,0
12,collège,standard,692,6.06,0,4,0
16,lycée,végétarien,481,5.92,1,2,0
16,lycée,halal,737,5.35,2,4,1
17,lycée,sans gluten,722,6.68,3,4,1
18,lycée,standard,694,5.91,5,4,1
15,collège,végétarien,713,5.5,3,5,1
6,primaire,halal,534,6.52,3,4,0
18,lycée,halal,864,6.28,3,2,0
16,lycée,standard,746,6.41,4,3,1
9,primaire,standard,626,6.98,0,3,0
10,primaire,standard,869,5.97,1,4,1
7,primaire,standard,612,6.54,5,3,1
16,lycée,standard,440,7.41,2,2,0
18,lycée,standard,723,6.31,2,3,1
10,primaire,halal,676,6.05,3,4,1
10,primaire,standard,568,6.76,5,4,1
9,primaire,standard,648,7.39,0,2,1
14,collège,standard,842,6.53,5,3,0
11,primaire,végétarien,546,4.86,2,4,1
10,primaire,standard,596,5.05,3,4,1
11,primaire,standard,448,6.47,3,3,0
14,collège,standard,583,5.78,4,4,1
13,collège,standard,673,5.48,3,4,1
10,primaire,standard,744,7.59,4,3,1
11,primaire,standard,772,5.38,5,4,1
13,collège,standard,771,4.98,5,4,1
14,collège,végétarien,712,5.77,4,3,0
9,primaire,standard,742,4.93,1,5,1
14,collège,standard,996,5.51,2,3,0
9,primaire,standard,636,6.84,5,3,1
18,lycée,standard,591,6.01,4,3,1
9,primaire,standard,740,6.9,4,4,1
9,primaire,halal,661,6.77,3,4,0
11,primaire,végétarien,527,7.04,3,4,1
10,primaire,standard,740,6.11,3,5,1
12,collège,halal,802,7.17,5,4,1
15,collège,halal,766,8.32,0,4,1
16,lycée,sans gluten,862,7.61,1,3,1
11,primaire,standard,668,5.5,3,4,1
15,collège,standard,896,5.77,3,4,0
13,collège,standard,590,4.15,3,3,0
16,lycée,standard,719,5.07,5,4,1
13,collège,standard,710,4.7,1,5,1
12,collège,végétarien,496,6.09,3,3,0
9,primaire,sans gluten,550,6.98,3,4,1
8,primaire,standard,570,7.27,1,3,0
6,primaire,halal,502,6.28,4,3,1
16,lycée,végétarien,535,6.86,4,2,0
8,primaire,standard,787,5.46,2,4,1
9,primaire,végétarien,760,7.39,4,3,1
16,lycée,halal,969,6.41,2,2,0
17,lycée,standard,732,6.03,2,4,1
7,primaire,standard,915,5.24,1,4,1
18,lycée,standard,995,7.38,3,3,1
7,primaire,standard,619,6.36,2,4,1
6,primaire,standard,597,6.4,2,3,1
6,primaire,standard,548,5.9,2,3,0
16,lycée,standard,720,5.18,5,4,1
15,collège,halal,592,6.28,1,2,0
12,collège,standard,706,6.07,4,3,1
14,collège,standard,593,7.85,1,3,1
9,primaire,standard,671,6.78,3,4,1
12,collège,standard,851,6.26,3,3,1
16,lycée,halal,606,7.86,1,2,0
18,lycée,végétarien,569,7.19,4,4,1
9,primaire,halal,645,7.19,5,3,1
13,collège,standard,748,7.08,0,3,0
15,collège,standard,709,6.49,1,3,0
7,primaire,standard,792,3.66,1,3,0
10,primaire,standard,623,5.85,2,2,0
12,collège,halal,716,7.38,2,3,1
6,primaire,halal,656,5.63,3,4,1
11,primaire,halal,760,7.02,2,3,1
8,primaire,végétarien,378,6.72,2,2,0
12,collège,standard,450,6.89,3,3,1
11,primaire,standard,820,5.05,1,3,0
6,primaire,halal,804,5.14,0,3,1
15,collège,standard,765,7.16,4,2,1
11,primaire,standard,981,6.13,2,3,1
14,collège,halal,818,5.8,0,4,1
15,collège,halal,884,4.87,1,3,1
12,collège,standard,616,6.55,2,3,1
17,lycée,végétarien,383,5.77,0,2,0
15,collège,standard,559,5.69,4,3,1
16,lycée,standard,693,5.97,4,3,0
17,lycée,standard,888,5.47,3,3,0
8,primaire,standard,762,6.31,1,3,0
10,primaire,standard,660,5.44,4,4,1
11,primaire,standard,883,6.4,2,2,0
17,lycée,halal,623,5.75,2,4,1
17,lycée,végétarien,777,6.75,1,3,0
12,collège,sans gluten,616,7.57,3,4,1
6,primaire,végétarien,686,5.63,2,3,1
12,collège,sans gluten,768,5.27,3,3,0
18,lycée,halal,811,6.71,0,2,1
18,lycée,standard,742,4.8,2,3,1
11,primaire,halal,598,6.68,3,4,1
8,primaire,végétarien,502,6.71,2,3,1
8,primaire,standard,501,5.68,3,4,1
9,primaire,standard,689,6.81,4,4,0
16,lycée,végétarien,647,6.4,4,4,1
9,primaire,sans gluten,560,7.14,3,3,1
15,collège,standard,826,4.23,5,4,1
17,lycée,standard,744,5.85,5,3,1
10,primaire,standard,466,4.66,1,3,0
16,lycée,végétarien,569,5.72,0,3,1
12,collège,standard,729,7.79,3,4,1
17,lycée,sans gluten,619,5.72,1,3,1
15,collège,standard,641,6.05,2,3,1
18,lycée,standard,784,7.23,3,3,0
18,lycée,standard,883,5.9,1,2,0
16,lycée,standard,747,4.12,2,4,1
14,collège,standard,610,4.77,3,4,1
15,collège,standard,959,5.36,2,2,0
11,primaire,halal,700,5.04,3,4,1
11,primaire,végétarien,386,5.67,5,3,1
18,lycée,standard,724,6.34,2,4,0
7,primaire,halal,766,6.71,5,3,0
13,collège,standard,559,6.08,4,3,0
16,lycée,halal,752,5.75,3,3,1
12,collège,végétarien,626,6.58,5,4,1
14,collège,standard,864,5.95,2,3,0
7,primaire,standard,669,4.71,1,3,0
6,primaire,halal,445,6.32,5,3,0
8,primaire,standard,663,5.71,1,3,0
7,primaire,végétarien,583,5.08,1,3,0
12,collège,standard,817,6.42,4,3,0
13,collège,végétarien,753,6.27,1,2,1
9,primaire,sans gluten,534,7.15,3,3,0
6,primaire,standard,737,7.09,3,4,1
17,lycée,standard,795,6.49,2,4,1
17,lycée,sans gluten,704,6.64,3,4,1
6,primaire,végétarien,645,6.0,3,3,1
8,primaire,végétarien,618,7.06,1,4,1
8,primaire,standard,661,4.68,3,4,1
8,primaire,standard,595,6.06,2,3,1
18,lycée,standard,824,4.86,3,3,1
14,collège,halal,901,5.11,5,2,1
17,lycée,végétarien,687,5.5,4,3,0
14,collège,standard,535,6.06,3,3,0
17,lycée,halal,822,8.13,2,3,1
8,primaire,sans gluten,704,7.47,5,3,0
8,primaire,standard,600,5.72,3,4,1
8,primaire,végétarien,561,6.82,3,4,1
12,collège,sans gluten,681,5.64,5,4,1
9,primaire,standard,469,5.56,3,4,1
11,primaire,standard,742,5.78,4,4,1
8,primaire,halal,622,7.13,4,4,1
13,collège,standard,784,6.27,0,3,0
8,primaire,standard,714,6.57,3,4,1
17,lycée,halal,767,6.08,3,3,1
15,collège,sans gluten,559,7.56,1,3,0
12,collège,végétarien,493,6.73,5,3,1
15,collège,standard,896,5.99,1,4,1
10,primaire,standard,706,6.58,2,3,0
10,primaire,standard,649,7.12,3,4,0
14,collège,standard,684,5.74,0,3,1
18,lycée,standard,678,6.52,3,4,1
14,collège,végétarien,607,5.27,3,5,1
11,primaire,standard,865,6.18,4,4,1
15,collège,halal,725,5.94,3,3,1
14,collège,halal,491,7.14,3,3,1
14,collège,standard,679,4.73,0,4,1
7,primaire,standard,770,5.44,2,4,0
12,collège,standard,756,7.42,0,4,1
6,primaire,standard,681,6.88,4,3,1
13,collège,standard,737,5.59,3,4,1
11,primaire,standard,589,5.06,3,4,0
12,collège,standard,579,6.51,3,4,0
9,primaire,standard,720,6.52,2,3,0
9,primaire,standard,797,6.06,4,3,1
18,lycée,sans gluten,845,6.25,3,3,1
13,collège,végétarien,458,5.66,4,3,0
9,primaire,standard,639,4.92,3,4,1
16,lycée,sans gluten,704,6.11,3,4,1
13,collège,halal,944,6.41,4,3,0
8,primaire,standard,801,4.7,2,4,1
6,primaire,standard,541,5.67,3,3,1
12,collège,standard,511,5.99,3,3,0
6,primaire,standard,726,5.69,4,3,0
8,primaire,végétarien,613,6.33,1,4,1
17,lycée,standard,671,6.52,1,4,1
10,primaire,standard,810,6.71,4,3,0
8,primaire,standard,591,7.1,3,3,0
15,collège,standard,778,5.84,2,4,1
15,collège,sans gluten,491,6.84,4,3,1
15,collège,standard,687,7.03,1,3,1
12,collège,standard,653,7.12,5,4,1
17,lycée,standard,940,5.79,2,2,1
10,primaire,sans gluten,528,7.48,2,3,0
11,primaire,standard,854,5.82,3,3,0
18,lycée,végétarien,672,5.37,2,4,0
8,primaire,standard,678,6.68,1,4,0
10,primaire,standard,724,6.66,4,5,1
8,primaire,standard,677,3.86,1,5,1
10,primaire,standard,673,5.12,1,4,1
7,primaire,standard,625,8.03,3,4,1
18,lycée,standard,956,6.73,3,3,0
13,collège,standard,997,5.51,3,3,1
17,lycée,végétarien,573,4.62,2,4,1
13,collège,standard,772,6.4,3,2,0
17,lycée,standard,586,8.1,5,4,1
15,collège,sans gluten,518,6.18,3,3,1
12,collège,végétarien,561,4.67,1,4,1
17,lycée,standard,534,5.91,3,3,1
7,primaire,halal,656,6.5,4,3,1
9,primaire,standard,751,5.67,1,2,0
14,collège,végétarien,808,6.32,5,3,1
12,collège,standard,586,7.21,1,4,1
14,collège,végétarien,738,6.99,2,3,1
13,collège,sans gluten,641,7.57,3,4,1
9,primaire,sans gluten,742,6.01,3,4,1
15,collège,standard,602,6.8,1,4,0
11,primaire,standard,708,5.42,3,4,1
12,collège,standard,705,6.03,3,3,0
10,primaire,végétarien,506,5.39,1,2,0
14,collège,végétarien,744,6.45,4,3,1
14,collège,halal,803,6.45,2,3,1
9,primaire,standard,720,7.73,3,5,1
9,primaire,standard,631,6.27,3,4,0
18,lycée,sans gluten,544,4.52,2,4,1
13,collège,standard,823,5.02,2,3,0
7,primaire,sans gluten,657,6.38,3,5,1
6,primaire,standard,535,5.32,5,3,1
16,lycée,sans gluten,961,6.65,5,2,0
12,collège,halal,719,5.44,4,3,1
18,lycée,standard,889,7.11,4,1,0
10,primaire,standard,686,5.98,2,4,1
18,lycée,standard,717,7.06,0,3,0
9,primaire,végétarien,591,5.94,4,3,0
17,lycée,standard,602,5.94,4,3,0
9,primaire,végétarien,709,6.23,3,4,1
10,primaire,standard,603,5.77,3,3,0
11,primaire,standard,718,6.32,0,4,1
11,primaire,standard,698,6.05,5,4,1
13,collège,standard,673,5.04,2,4,0
16,lycée,végétarien,751,7.12,2,4,1
8,primaire,sans gluten,713,8.06,1,3,1
6,primaire,standard,647,6.08,1,3,1
14,collège,standard,634,6.28,2,4,0
17,lycée,végétarien,658,6.08,2,4,1
13,collège,standard,561,6.35,3,3,1
13,collège,standard,904,6.25,3,3,1
16,lycée,sans gluten,728,7.4,3,3,0
17,lycée,halal,842,6.23,1,2,0
11,primaire,sans gluten,602,6.03,1,3,0
9,primaire,standard,748,6.02,3,4,1
12,collège,standard,607,7.53,1,3,0
14,collège,végétarien,544,5.67,3,4,1
13,collège,végétarien,654,6.63,0,4,1
17,lycée,sans gluten,709,5.15,2,4,1
17,lycée,végétarien,601,6.32,3,3,1
12,collège,standard,691,5.07,3,5,1
12,collège,végétarien,643,5.49,2,4,1
15,collège,standard,766,6.29,2,4,0
16,lycée,standard,721,6.28,2,4,1
9,primaire,végétarien,514,6.65,2,4,1
13,collège,sans gluten,741,4.89,4,4,1
8,primaire,standard,728,6.99,1,3,1
11,primaire,halal,674,5.84,3,4,1
6,primaire,standard,595,6.41,1,2,0
17,lycée,halal,654,7.26,4,3,0
13,collège,standard,960,5.92,4,2,0
15,collège,standard,675,4.32,2,4,1
14,collège,standard,580,5.77,2,3,1
18,lycée,standard,691,6.77,2,3,0
13,collège,halal,700,6.97,2,3,0
18,lycée,halal,782,6.53,4,3,1
16,lycée,végétarien,644,6.28,5,4,1
13,collège,sans gluten,631,6.52,1,3,0
16,lycée,standard,798,5.41,2,3,1
18,lycée,standard,949,6.49,3,4,1
18,lycée,standard,713,5.39,1,3,1
6,primaire,standard,756,6.01,2,5,1
9,primaire,standard,550,5.72,2,4,1
12,collège,standard,585,5.38,4,3,1
8,primaire,standard,708,6.54,5,4,0
15,collège,végétarien,621,5.51,3,5,1
10,primaire,sans gluten,622,4.31,1,3,1
13,collège,halal,645,6.27,1,4,1
14,collège,halal,856,7.31,1,5,1
8,primaire,sans gluten,839,7.15,5,3,1
15,collège,halal,882,7.37,1,2,0
16,lycée,standard,690,6.76,2,3,0
8,primaire,standard,711,6.59,3,4,1
18,lycée,standard,869,5.2,4,3,1
14,collège,standard,416,6.19,3,3,0
7,primaire,végétarien,754,4.92,4,4,1
12,collège,standard,477,5.7,2,3,0
10,primaire,standard,752,5.55,3,4,1
15,collège,standard,515,5.4,4,2,0
14,collège,standard,753,5.41,2,4,1
13,collège,standard,882,5.01,1,4,1
16,lycée,standard,959,6.09,2,3,1
17,lycée,standard,893,6.68,1,2,0
10,primaire,standard,824,5.18,1,3,1
7,primaire,standard,641,5.7,2,4,1
7,primaire,standard,570,7.87,4,3,0
6,primaire,standard,450,6.6,4,3,0
17,lycée,standard,741,5.43,4,3,1
10,primaire,végétarien,692,6.94,1,4,1
12,collège,halal,826,6.28,5,4,1
12,collège,standard,868,6.22,0,4,1
8,primaire,standard,669,6.85,2,4,1
18,lycée,standard,977,5.03,4,4,1
13,collège,standard,660,5.98,1,4,1
13,collège,standard,589,5.85,1,3,0
14,collège,standard,736,6.63,2,3,1
13,collège,végétarien,667,6.11,4,5,1
16,lycée,standard,661,7.0,3,3,0
10,primaire,standard,672,6.32,2,3,0
17,lycée,standard,642,6.9,2,2,0
15,collège,standard,734,6.29,5,4,1
16,lycée,végétarien,406,6.9,0,2,0
9,primaire,standard,796,6.55,3,4,1
7,primaire,standard,763,4.91,4,3,1
10,primaire,standard,664,6.77,2,4,1
12,collège,standard,472,7.57,1,2,0
18,lycée,standard,806,6.19,3,3,1
12,collège,végétarien,596,5.84,5,3,0
8,primaire,standard,602,5.76,5,4,1
13,collège,standard,564,7.08,1,3,1
10,primaire,halal,744,6.65,4,5,1
13,collège,standard,880,6.4,3,3,1
13,collège,végétarien,560,4.99,4,3,0
15,collège,halal,859,6.26,4,3,1
15,collège,halal,785,4.39,1,4,1
11,primaire,standard,757,6.92,1,3,1
17,lycée,standard,858,5.4,2,2,0
16,lycée,standard,770,6.49,3,3,1
10,primaire,standard,591,6.24,0,3,0
6,primaire,standard,764,5.43,4,5,1
13,collège,standard,666,5.57,5,4,1
11,primaire,halal,801,6.27,5,3,1
12,collège,végétarien,520,5.89,2,4,0
11,primaire,standard,498,5.32,2,2,1
16,lycée,halal,815,6.9,1,2,0
6,primaire,standard,737,7.4,3,3,1
8,primaire,sans gluten,527,5.1,2,3,0
9,primaire,halal,867,7.0,2,3,0
12,collège,standard,497,6.0,5,2,0
6,primaire,standard,496,6.48,1,3,1
18,lycée,végétarien,587,6.63,1,3,0
18,lycée,végétarien,680,7.58,5,2,0
18,lycée,halal,598,5.78,3,4,1
17,lycée,végétarien,580,7.63,2,4,0
6,primaire,halal,791,6.15,1,4,1
13,collège,sans gluten,828,5.45,3,3,1
16,lycée,standard,819,6.03,4,2,1
7,primaire,halal,722,6.96,3,4,1
14,collège,végétarien,562,5.04,1,2,1
8,primaire,standard,542,6.79,3,4,1
8,primaire,végétarien,646,5.81,2,3,0
11,primaire,végétarien,675,5.68,2,4,1
11,primaire,standard,781,5.56,1,3,0
10,primaire,standard,602,6.88,1,4,0
6,primaire,halal,628,6.04,3,4,1
14,collège,standard,936,6.28,1,3,1
6,primaire,sans gluten,716,6.19,2,4,1
6,primaire,standard,615,6.35,4,3,1
10,primaire,végétarien,694,5.77,3,4,0
15,collège,végétarien,650,5.93,5,3,0
6,primaire,standard,644,5.58,1,4,1
18,lycée,halal,525,4.8,5,3,1
13,collège,végétarien,690,5.88,2,3,1
10,primaire,sans gluten,679,7.28,4,4,1
15,collège,standard,733,4.48,2,4,1
18,lycée,halal,637,6.12,2,4,0
16,lycée,standard,818,5.06,3,4,1
14,collège,standard,640,5.78,3,4,1
9,primaire,standard,599,5.93,3,3,1
7,primaire,standard,633,4.99,3,4,1
15,collège,végétarien,786,6.05,0,3,1
6,primaire,halal,719,6.81,4,4,1
15,collège,standard,936,5.82,0,2,0
18,lycée,standard,930,6.28,3,3,0
17,lycée,halal,566,5.26,3,3,0
10,primaire,standard,737,5.9,5,4,1
12,collège,standard,949,5.7,4,3,1
8,primaire,standard,540,6.16,4,3,1
11,primaire,végétarien,511,6.38,0,4,1
14,collège,standard,814,4.91,4,4,0
15,collège,sans gluten,773,7.57,4,4,1
16,lycée,sans gluten,748,6.48,2,3,1
8,primaire,standard,511,6.67,3,5,1
15,collège,standard,636,6.79,2,4,0
13,collège,standard,497,6.57,3,2,0
15,collège,halal,793,7.05,2,3,0
15,collège,standard,799,6.1,2,3,0
6,primaire,standard,756,4.97,0,3,0
6,primaire,standard,698,5.78,3,4,0
13,collège,végétarien,585,5.17,3,4,0
16,lycée,standard,824,5.99,4,3,1
16,lycée,standard,686,5.8,2,4,0
12,collège,standard,564,6.18,4,3,0
15,collège,standard,736,6.15,2,3,0
17,lycée,standard,782,4.46,0,3,1
15,collège,standard,499,6.74,4,2,0
10,primaire,halal,847,6.43,2,4,0
17,lycée,standard,793,6.9,4,3,1
10,primaire,standard,772,5.86,1,3,0
15,collège,végétarien,662,5.42,3,4,1
6,primaire,sans gluten,640,7.46,1,4,0
17,lycée,standard,638,4.96,0,4,1
12,collège,standard,579,6.49,4,4,1
9,primaire,végétarien,511,5.94,2,2,1
18,lycée,standard,880,5.23,0,2,0
10,primaire,standard,595,6.18,1,3,1
9,primaire,standard,820,5.36,3,4,1
7,primaire,standard,781,4.29,4,3,1
6,primaire,standard,697,5.8,2,4,1
7,primaire,sans gluten,495,6.09,1,4,1
11,primaire,standard,818,5.86,0,4,1
14,collège,standard,554,4.12,0,4,1
17,lycée,végétarien,763,5.71,1,4,1
7,primaire,halal,808,8.04,2,4,0
7,primaire,standard,889,3.94,5,4,1
8,primaire,végétarien,613,5.88,2,4,1
17,lycée,standard,910,5.95,5,2,0
15,collège,standard,963,6.53,3,2,1
18,lycée,standard,812,7.43,3,4,1
7,primaire,standard,601,4.98,5,4,1
15,collège,halal,759,6.45,4,4,1
13,collège,standard,862,5.49,1,3,1
12,collège,standard,668,7.39,1,2,1
18,lycée,standard,632,5.08,1,4,0
17,lycée,standard,740,7.34,3,2,0
16,lycée,standard,761,4.63,3,4,0
9,primaire,végétarien,711,6.95,0,3,0
9,primaire,végétarien,575,6.54,3,5,1
10,primaire,halal,661,5.49,2,4,1
18,lycée,standard,769,5.54,0,3,0
13,collège,végétarien,634,7.63,3,4,0
12,collège,végétarien,681,7.45,1,3,0
11,primaire,végétarien,564,5.81,5,3,0
17,lycée,halal,855,8.04,4,3,1
6,primaire,standard,614,6.28,4,4,1
18,lycée,standard,736,6.31,4,3,1
15,collège,standard,849,5.31,5,3,1
13,collège,végétarien,700,5.14,2,5,1
6,primaire,standard,798,5.0,4,4,1
14,collège,standard,614,6.52,3,3,1
13,collège,standard,556,5.2,2,3,1
14,collège,standard,825,4.27,1,4,1
10,primaire,végétarien,511,7.16,4,2,1
12,collège,standard,668,5.26,1,4,1
16,lycée,sans gluten,650,7.59,1,3,0
12,collège,halal,825,5.88,2,4,0
12,collège,standard,981,6.68,5,3,1
8,primaire,halal,692,6.01,3,4,0
14,collège,standard,938,6.92,2,4,1
9,primaire,standard,710,5.77,0,3,0
12,collège,standard,911,4.79,2,3,0
6,primaire,standard,601,6.92,2,2,0
14,collège,standard,798,5.65,3,3,1
16,lycée,standard,577,6.81,1,3,0
12,collège,standard,563,6.54,3,5,1
6,primaire,standard,673,6.14,2,4,1
15,collège,standard,620,6.51,4,3,1
10,primaire,standard,541,5.3,2,2,0
12,collège,standard,686,6.14,5,4,1
9,primaire,standard,501,4.93,3,4,1
7,primaire,standard,546,5.09,5,2,0
12,collège,standard,740,4.24,5,4,1
15,collège,standard,695,6.03,4,4,1
9,primaire,standard,867,6.06,2,3,0
15,collège,halal,581,6.31,2,3,0
10,primaire,standard,725,5.07,4,4,1
8,primaire,standard,642,5.65,1,4,1
17,lycée,standard,431,6.55,3,3,1
9,primaire,végétarien,583,6.8,3,3,0
16,lycée,végétarien,736,5.85,4,3,0
16,lycée,halal,836,6.4,4,3,0
17,lycée,halal,818,8.13,3,3,0
18,lycée,végétarien,608,7.06,2,3,0
12,collège,sans gluten,877,6.58,4,2,0
11,primaire,halal,756,7.17,2,3,0
6,primaire,standard,623,6.17,3,4,1
13,collège,standard,709,6.47,1,2,1
14,collège,végétarien,754,6.03,3,4,1
7,primaire,standard,449,6.03,3,4,1
18,lycée,végétarien,648,5.26,5,2,0
11,primaire,standard,685,5.26,2,4,0
12,collège,standard,617,5.78,5,3,1
14,collège,standard,974,5.23,0,3,1
8,primaire,halal,880,6.67,3,4,0
7,primaire,végétarien,582,6.25,3,4,1
6,primaire,sans gluten,770,7.41,2,4,1
13,collège,standard,619,6.09,3,3,1
9,primaire,halal,572,5.89,3,4,0
10,primaire,végétarien,670,6.25,2,4,1
11,primaire,standard,743,5.78,2,3,0
8,primaire,sans gluten,770,6.47,1,4,1
12,collège,standard,784,6.72,3,4,1
18,lycée,végétarien,741,6.23,4,3,1
7,primaire,standard,725,5.41,2,5,1
12,collège,standard,707,6.1,5,4,1
18,lycée,standard,742,5.77,5,3,1
6,primaire,standard,604,6.21,0,4,1
18,lycée,standard,749,6.05,3,4,1
12,collège,standard,553,6.42,2,3,0
8,primaire,standard,650,6.53,1,4,1
12,collège,standard,678,5.86,2,3,0
13,collège,standard,523,6.22,2,3,1
16,lycée,standard,754,6.17,2,3,0
8,primaire,standard,483,5.95,1,2,0
13,collège,standard,657,5.82,4,4,1
11,primaire,standard,618,6.19,4,4,1
15,collège,standard,895,4.46,1,3,0
8,primaire,standard,798,6.84,2,4,1
15,collège,standard,846,6.06,3,4,0
11,primaire,standard,640,4.43,1,3,0
13,collège,sans gluten,610,5.47,1,3,0
11,primaire,standard,588,6.75,2,3,0
12,collège,standard,623,5.65,0,4,1
9,primaire,végétarien,467,6.79,4,3,0
16,lycée,halal,779,7.59,2,3,0
16,lycée,standard,864,6.41,5,3,0
18,lycée,standard,1041,6.44,4,2,1
12,collège,végétarien,485,6.36,4,4,1
14,collège,halal,904,6.16,1,3,1
13,collège,standard,649,7.36,4,2,0
13,collège,végétarien,581,6.55,3,4,0
12,collège,standard,884,6.08,5,2,0
12,collège,standard,563,5.66,2,3,0
17,lycée,standard,828,5.5,4,4,1
18,lycée,standard,716,6.18,4,4,1
14,collège,halal,705,7.96,3,4,1
18,lycée,standard,660,5.64,2,3,1
18,lycée,standard,634,5.58,0,3,0
13,collège,standard,781,5.35,5,5,1
8,primaire,végétarien,514,6.72,1,4,0
14,collège,sans gluten,633,6.68,3,3,1
12,collège,standard,592,5.56,0,3,1
18,lycée,standard,758,6.7,1,5,1
17,lycée,sans gluten,683,7.35,3,4,1
8,primaire,standard,537,6.04,4,2,1
15,collège,halal,514,6.28,1,3,1
16,lycée,sans gluten,745,4.97,3,3,1
7,primaire,végétarien,753,6.57,3,4,1
17,lycée,standard,582,6.28,1,2,0
16,lycée,standard,794,5.41,2,4,1
13,collège,standard,615,4.16,5,4,1
6,primaire,standard,596,5.43,4,3,1
12,collège,standard,918,6.78,0,2,0
11,primaire,standard,692,6.02,1,4,1
16,lycée,standard,796,5.92,0,3,1
13,collège,sans gluten,509,5.22,4,3,0
8,primaire,végétarien,582,6.03,3,4,0
14,collège,standard,652,7.11,3,3,1
17,lycée,végétarien,737,6.13,3,4,1
13,collège,végétarien,639,6.95,4,3,1
16,lycée,standard,843,5.66,4,3,0
14,collège,standard,694,5.28,4,3,0
16,lycée,halal,768,6.36,0,4,0
9,primaire,halal,456,6.37,2,3,0
15,collège,halal,898,7.08,2,2,0
18,lycée,halal,840,6.87,5,5,1
16,lycée,halal,844,8.14,3,3,0
9,primaire,standard,676,5.76,0,3,0
12,collège,halal,744,6.52,4,3,1
6,primaire,végétarien,746,6.14,2,4,1
14,collège,standard,879,6.48,2,3,1
14,collège,standard,832,5.63,5,3,0
9,primaire,standard,636,5.98,4,4,1
18,lycée,standard,475,7.13,2,4,0
16,lycée,standard,636,6.76,1,3,1
14,collège,végétarien,554,6.82,4,4,1
13,collège,halal,639,6.79,5,4,0
13,collège,sans gluten,722,6.94,4,3,0
10,primaire,standard,658,4.72,4,4,1
9,primaire,standard,758,5.8,1,4,0
17,lycée,standard,792,5.35,2,3,1
15,collège,végétarien,502,6.76,5,2,1
9,primaire,sans gluten,673,6.68,4,5,1
15,collège,standard,872,5.51,0,2,0
13,collège,halal,695,6.11,2,4,1
16,lycée,standard,955,5.49,3,2,1
14,collège,standard,677,5.65,5,4,1
8,primaire,sans gluten,556,7.23,1,2,0
15,collège,standard,873,4.77,1,4,0
18,lycée,standard,888,6.32,5,3,1
10,primaire,standard,631,4.67,3,4,1
9,primaire,halal,786,6.44,4,4,1
13,collège,standard,542,7.11,3,3,0
12,collège,standard,658,7.05,2,2,1
18,lycée,standard,848,5.2,1,3,1
9,primaire,halal,577,7.34,3,3,1
7,primaire,standard,726,5.98,3,3,1
14,collège,végétarien,739,5.17,2,3,1
10,primaire,sans gluten,672,6.72,2,4,1
12,collège,standard,851,5.52,5,3,0
15,collège,standard,538,7.27,1,4,1
16,lycée,standard,958,5.74,3,2,0
9,primaire,standard,523,5.91,4,4,1
13,collège,halal,666,6.74,2,4,1
7,primaire,standard,712,5.06,3,4,1
17,lycée,standard,570,5.53,0,3,0
15,collège,sans gluten,552,6.09,4,4,1
14,collège,végétarien,559,6.7,2,3,0
17,lycée,végétarien,635,5.35,3,4,1
13,collège,standard,855,6.29,3,4,1
12,collège,standard,652,4.69,4,5,1
7,primaire,standard,558,5.53,2,3,1
13,collège,végétarien,707,5.98,1,5,1
10,primaire,standard,877,6.18,1,3,0
16,lycée,sans gluten,643,6.61,4,3,1
6,primaire,standard,757,7.19,3,4,1
7,primaire,sans gluten,470,6.83,3,4,1
18,lycée,halal,812,6.11,3,3,0
13,collège,standard,675,6.49,0,3,1
13,collège,standard,803,5.4,1,4,1
7,primaire,standard,708,6.43,2,3,1
7,primaire,standard,579,5.91,2,4,1
18,lycée,halal,549,6.22,3,5,1
15,collège,végétarien,604,6.89,5,3,1
14,collège,standard,645,5.12,0,3,1
15,collège,standard,824,6.39,5,3,1
9,primaire,standard,688,4.69,3,3,1
7,primaire,sans gluten,689,7.67,0,3,0
17,lycée,halal,606,7.41,4,3,1
13,collège,végétarien,449,6.39,2,3,1
10,primaire,végétarien,498,5.32,2,3,1
16,lycée,standard,697,6.86,2,3,1
8,primaire,sans gluten,623,6.36,3,3,0
12,collège,halal,716,5.03,3,5,0
8,primaire,végétarien,567,6.58,5,3,0
14,collège,standard,702,5.82,4,3,1
13,collège,halal,797,5.26,4,3,1
7,primaire,standard,757,5.59,2,4,0
12,collège,sans gluten,729,7.04,4,4,1
14,collège,halal,800,6.28,2,3,1
12,collège,halal,919,6.15,3,3,0
14,collège,standard,705,5.4,4,5,1
7,primaire,standard,649,5.83,4,3,1
9,primaire,standard,780,7.12,3,4,1
14,collège,végétarien,663,7.09,3,4,1
17,lycée,standard,1024,5.38,2,3,1
9,primaire,standard,699,4.68,0,4,1
7,primaire,standard,527,6.69,4,3,0
13,collège,végétarien,567,5.74,3,4,1
6,primaire,végétarien,506,6.62,3,4,1
14,collège,standard,640,5.76,3,3,1
12,collège,standard,477,6.23,1,2,0
13,collège,standard,676,6.13,2,4,1
10,primaire,standard,702,5.22,2,4,0
14,collège,standard,929,5.54,2,3,0
13,collège,végétarien,635,6.86,2,5,1
17,lycée,standard,920,6.2,2,2,0
14,collège,halal,655,6.86,1,2,0
13,collège,végétarien,716,5.82,3,4,0
14,collège,standard,604,4.16,4,3,1
9,primaire,végétarien,416,6.36,2,3,0
9,primaire,sans gluten,600,7.43,1,2,0
13,collège,halal,811,5.98,3,3,0
15,collège,standard,591,5.27,3,4,1
12,collège,halal,756,6.69,4,3,0
12,collège,standard,824,6.12,2,4,1
16,lycée,végétarien,698,5.03,0,3,0
18,lycée,standard,926,4.01,4,3,0
15,collège,sans gluten,911,5.49,4,3,0
15,collège,standard,794,4.61,3,3,1
11,primaire,standard,654,5.93,0,3,1
15,collège,standard,655,6.45,5,3,1
14,collège,standard,746,6.19,3,3,1
6,primaire,végétarien,648,6.2,5,3,0
16,lycée,végétarien,602,5.69,4,2,0
18,lycée,standard,719,7.34,4,3,1
11,primaire,standard,772,6.11,2,4,1
11,primaire,standard,800,6.13,3,3,0
11,primaire,standard,746,5.01,3,3,0
18,lycée,végétarien,667,4.35,3,5,1
14,collège,standard,653,6.5,3,3,1
17,lycée,standard,828,4.83,2,3,1
7,primaire,végétarien,720,5.19,5,4,1
7,primaire,sans gluten,766,7.34,5,3,0
12,collège,standard,708,5.31,3,4,1
13,collège,standard,566,5.74,5,3,0
12,collège,halal,565,5.84,2,4,1
18,lycée,végétarien,624,6.04,2,3,1
8,primaire,standard,590,5.94,3,4,1
16,lycée,sans gluten,809,7.7,2,3,0
11,primaire,végétarien,562,5.24,1,3,1
16,lycée,halal,640,6.18,5,4,1
7,primaire,standard,639,6.4,3,4,0
6,primaire,standard,665,5.3,2,4,1
18,lycée,végétarien,764,5.54,3,2,0
8,primaire,standard,700,6.57,3,4,1
11,primaire,sans gluten,560,5.75,0,3,1
6,primaire,standard,685,5.05,4,3,0
14,collège,végétarien,813,6.21,2,5,1
11,primaire,sans gluten,808,5.5,5,3,1
13,collège,végétarien,637,5.95,3,4,0
8,primaire,végétarien,622,6.35,3,4,1
13,collège,standard,727,5.54,3,3,0
18,lycée,halal,832,7.09,2,3,0
12,collège,halal,727,6.98,2,4,1
17,lycée,sans gluten,678,6.17,1,4,0
9,primaire,végétarien,670,6.85,5,2,1
11,primaire,halal,937,7.32,2,3,1
17,lycée,standard,596,5.61,2,4,1
13,collège,standard,630,6.49,1,3,1
15,collège,halal,669,6.3,4,3,1
9,primaire,standard,694,6.02,5,3,1
17,lycée,végétarien,716,5.87,1,3,0
13,collège,standard,530,6.15,5,3,0
6,primaire,standard,567,5.81,2,3,1
15,collège,standard,802,6.66,2,4,0
12,collège,standard,749,7.88,2,4,1
17,lycée,standard,606,5.67,2,3,1
16,lycée,végétarien,590,5.44,3,2,1
11,primaire,végétarien,589,6.19,3,3,1
9,primaire,halal,689,6.49,0,3,0
17,lycée,standard,664,5.73,2,3,1
16,lycée,standard,510,5.94,3,3,1
18,lycée,standard,732,5.23,5,3,0
15,collège,halal,753,7.48,4,3,1
16,lycée,standard,667,5.27,3,5,1
14,collège,standard,749,6.57,3,3,1
7,primaire,végétarien,745,6.65,3,4,1
14,collège,végétarien,781,6.13,5,3,0
13,collège,standard,953,7.24,3,2,0
8,primaire,standard,569,5.86,2,3,1
13,collège,standard,855,6.63,1,3,0
18,lycée,standard,683,6.25,1,3,0
9,primaire,standard,549,6.69,4,4,1
13,collège,standard,507,5.88,2,3,0
15,collège,standard,840,4.45,2,4,1
11,primaire,standard,900,4.18,1,2,1
9,primaire,végétarien,684,5.24,4,5,1
10,primaire,standard,747,6.67,3,3,1
6,primaire,standard,581,5.29,3,4,1
7,primaire,sans gluten,838,6.38,2,4,1
8,primaire,halal,779,7.9,2,4,1
17,lycée,standard,696,4.93,2,3,1
10,primaire,standard,885,6.66,3,3,0
15,collège,standard,711,5.84,0,3,0
11,primaire,standard,676,4.82,2,4,1
10,primaire,standard,809,5.07,0,3,1
17,lycée,sans gluten,535,7.07,4,3,0
10,primaire,standard,596,6.37,3,4,1
9,primaire,halal,937,7.25,3,3,0
7,primaire,standard,608,5.79,4,4,1
18,lycée,standard,853,6.58,2,3,0
9,primaire,standard,719,5.94,2,4,1
13,collège,standard,658,5.15,0,3,0
18,lycée,standard,858,5.41,1,4,0
15,collège,standard,545,7.14,3,3,0
14,collège,sans gluten,890,6.34,3,3,0
11,primaire,standard,627,6.62,5,4,1
18,lycée,standard,709,5.88,4,3,1
12,collège,végétarien,620,5.85,4,2,0
14,collège,végétarien,662,5.55,2,4,1
9,primaire,végétarien,521,6.83,4,3,0
14,collège,standard,893,5.95,4,3,1
15,collège,standard,927,7.49,0,2,0
9,primaire,standard,633,6.82,3,4,1
17,lycée,végétarien,705,6.89,2,3,1
17,lycée,standard,734,6.02,2,3,1
7,primaire,standard,883,6.02,4,4,1
17,lycée,sans gluten,780,6.82,5,3,0
16,lycée,sans gluten,601,7.32,1,3,0
12,collège,standard,552,5.35,3,3,1
15,collège,standard,518,6.96,5,3,0
15,collège,standard,717,5.21,4,4,1
10,primaire,standard,699,5.9,2,4,0
18,lycée,standard,794,5.2,2,2,1
17,lycée,standard,1028,5.79,2,3,0
18,lycée,standard,646,6.58,5,3,1
14,collège,standard,725,5.95,2,4,1
10,primaire,standard,714,6.74,4,4,1
12,collège,standard,536,3.56,2,4,1
6,primaire,végétarien,566,7.41,2,2,0
12,collège,végétarien,564,7.31,3,3,0
18,lycée,standard,780,5.92,2,3,1
9,primaire,standard,697,6.2,2,3,1
9,primaire,sans gluten,860,7.42,4,2,0
17,lycée,standard,843,6.79,3,3,1
17,lycée,halal,826,6.97,0,3,1
14,collège,sans gluten,704,6.64,5,3,1
16,lycée,standard,904,5.61,5,3,1
18,lycée,standard,810,5.11,4,2,1
11,primaire,standard,721,4.55,1,3,1
7,primaire,standard,472,5.59,0,2,1
15,collège,standard,647,7.25,1,4,0
12,collège,standard,608,7.34,5,3,1
15,collège,halal,647,5.14,2,5,1
17,lycée,standard,820,4.41,2,4,0
9,primaire,sans gluten,626,6.25,2,3,1
14,collège,standard,814,6.44,3,4,1
8,primaire,standard,786,4.59,1,4,1
9,primaire,standard,908,5.87,4,4,1
11,primaire,sans gluten,624,6.87,3,3,1
13,collège,standard,765,6.14,4,4,1
7,primaire,standard,705,6.63,1,3,0
9,primaire,halal,521,5.48,0,2,0
14,collège,halal,966,5.91,3,3,0
11,primaire,sans gluten,624,7.98,2,4,1
8,primaire,standard,793,4.87,3,3,1
15,collège,standard,935,5.88,2,2,0
7,primaire,halal,583,7.91,1,3,0
6,primaire,standard,608,6.75,4,3,0
8,primaire,standard,830,7.6,5,4,1
12,collège,halal,439,7.15,0,2,0
10,primaire,végétarien,524,5.67,1,3,1
17,lycée,standard,726,5.75,5,3,0
10,primaire,halal,587,5.83,5,4,1
18,lycée,standard,708,4.93,0,3,0
6,primaire,végétarien,460,6.61,2,3,0
7,primaire,standard,651,6.47,1,3,1
14,collège,standard,675,7.17,2,4,0
11,primaire,standard,483,5.95,1,2,1
18,lycée,halal,803,7.34,2,3,0
12,collège,standard,774,6.04,3,4,1
15,collège,sans gluten,503,6.76,4,3,1
13,collège,standard,736,4.33,4,4,1
14,collège,végétarien,623,5.64,2,4,0
17,lycée,végétarien,652,7.37,3,3,1
14,collège,halal,735,7.56,1,2,1
17,lycée,standard,612,6.4,0,4,1
15,collège,sans gluten,844,5.58,0,3,1
8,primaire,standard,582,7.56,4,3,1
15,collège,standard,726,5.24,3,4,1
11,primaire,standard,515,4.38,3,4,0
9,primaire,standard,719,7.49,4,3,0
10,primaire,halal,650,6.01,4,4,0
18,lycée,standard,784,5.95,4,4,1
12,collège,végétarien,689,4.69,3,5,1
9,primaire,standard,576,5.73,3,4,1
12,collège,sans gluten,603,6.4,0,3,1
18,lycée,standard,596,6.49,3,4,1
10,primaire,végétarien,467,5.73,2,2,0
7,primaire,halal,672,6.32,3,5,1
11,primaire,végétarien,612,7.56,3,3,0
7,primaire,standard,621,8.01,2,4,1
7,primaire,végétarien,466,5.78,1,2,0
12,collège,standard,497,5.76,2,4,1
13,collège,halal,627,7.85,3,4,1
13,collège,standard,917,6.12,4,4,1
14,collège,végétarien,551,5.55,4,4,1
18,lycée,standard,668,6.94,4,2,0
9,primaire,halal,592,6.93,3,3,1
18,lycée,standard,689,5.96,2,4,1
15,collège,standard,567,5.08,4,3,0
9,primaire,standard,733,6.75,2,3,0
13,collège,halal,479,7.14,0,3,0
14,collège,standard,810,6.54,0,3,1
17,lycée,sans gluten,613,6.02,4,3,1
18,lycée,standard,883,5.5,1,4,1
8,primaire,sans gluten,569,6.12,4,3,1
17,lycée,sans gluten,563,7.39,0,3,1
10,primaire,végétarien,741,6.87,1,2,1
10,primaire,standard,480,6.21,0,3,0
9,primaire,standard,685,5.62,5,4,1
14,collège,standard,629,6.01,3,3,1
12,collège,halal,609,5.1,1,3,0
8,primaire,standard,631,6.55,3,4,1
12,collège,standard,734,6.01,5,4,1
12,collège,végétarien,647,4.9,2,4,1
11,primaire,standard,591,5.24,0,4,1
12,collège,végétarien,583,5.46,2,3,0
6,primaire,standard,706,6.69,2,4,1
6,primaire,végétarien,441,6.75,3,2,0
7,primaire,sans gluten,638,7.14,5,4,1
13,collège,halal,720,7.36,4,3,1
12,collège,sans gluten,504,6.76,2,3,0
18,lycée,standard,486,5.94,1,4,1
16,lycée,végétarien,601,6.44,2,3,0
16,lycée,standard,718,7.31,2,3,0
18,lycée,standard,536,5.39,3,3,0
13,collège,végétarien,605,7.37,2,4,0
10,primaire,standard,613,6.5,5,4,1
6,primaire,végétarien,415,6.79,5,1,0
7,primaire,standard,775,5.95,3,4,1
7,primaire,standard,589,5.82,3,3,1
13,collège,végétarien,593,6.99,3,3,1
14,collège,standard,693,5.72,3,3,1
9,primaire,standard,715,6.21,4,3,0
11,primaire,standard,1027,5.67,3,3,0
6,primaire,halal,737,6.31,4,4,1
10,primaire,halal,406,6.47,4,3,1
16,lycée,standard,730,5.85,5,4,1
14,collège,standard,712,7.35,3,3,0
15,collège,sans gluten,773,6.19,3,4,0
9,primaire,standard,610,5.17,2,4,1
14,collège,standard,860,7.05,4,2,1
6,primaire,standard,636,6.51,2,3,1
6,primaire,standard,832,6.05,2,4,1
16,lycée,halal,558,7.32,2,3,1
13,collège,standard,771,6.16,2,3,1
12,collège,standard,716,6.33,3,3,1
14,collège,standard,638,7.04,3,3,1
17,lycée,standard,829,5.66,3,3,1
10,primaire,standard,644,5.0,3,4,1
18,lycée,standard,832,5.97,2,3,0
11,primaire,standard,1017,5.89,2,3,0
8,primaire,standard,439,7.19,2,3,1
15,collège,halal,687,7.4,1,5,1
13,collège,standard,836,6.49,2,2,0
15,collège,standard,790,5.74,1,3,1
16,lycée,standard,716,5.07,2,4,1
14,collège,standard,794,5.64,2,4,1
9,primaire,halal,621,7.32,4,3,0
7,primaire,standard,664,5.67,3,4,1
10,primaire,standard,726,5.56,2,3,0
15,collège,sans gluten,678,6.89,4,4,1
16,lycée,végétarien,599,5.72,0,2,0
8,primaire,standard,848,5.65,1,4,1
16,lycée,standard,748,6.23,2,2,0
10,primaire,standard,465,6.56,5,3,1
16,lycée,sans gluten,670,5.24,1,3,0
11,primaire,halal,893,6.13,5,2,0
8,primaire,standard,540,6.57,2,4,1
12,collège,standard,587,5.72,3,3,0
12,collège,végétarien,547,5.63,5,3,0
11,primaire,standard,630,6.76,2,4,1
17,lycée,standard,917,7.06,1,3,0
8,primaire,halal,743,7.5,3,4,1
8,primaire,standard,658,6.8,2,4,1
9,primaire,standard,852,5.8,0,4,0
15,collège,halal,686,5.33,2,5,1
12,collège,standard,679,6.43,5,3,1
7,primaire,standard,603,7.15,2,3,1
12,collège,végétarien,511,7.21,0,2,0
7,primaire,standard,565,6.18,3,3,0
14,collège,sans gluten,611,6.99,5,3,1
14,collège,standard,643,5.87,5,3,0
11,primaire,standard,745,5.28,2,3,1
6,primaire,standard,730,5.71,3,4,1
7,primaire,standard,861,6.59,2,4,1
18,lycée,standard,778,5.4,5,3,1
12,collège,halal,630,6.71,1,4,1
12,collège,standard,526,4.82,5,3,1
12,collège,standard,782,5.41,3,5,1
14,collège,standard,759,4.35,2,4,1
13,collège,standard,582,5.06,4,3,1
9,primaire,sans gluten,373,4.78,0,2,0
12,collège,standard,665,5.8,5,3,1
11,primaire,halal,553,6.99,3,4,1
10,primaire,standard,879,4.95,3,4,1
9,primaire,sans gluten,699,7.17,1,3,1
10,primaire,standard,839,6.04,5,3,1
13,collège,standard,790,7.61,3,4,1
8,primaire,standard,902,6.43,2,3,0
15,collège,standard,1038,3.92,2,2,0
18,lycée,standard,871,5.07,1,4,1
9,primaire,sans gluten,631,6.74,5,5,1
16,lycée,standard,742,4.08,2,3,1
17,lycée,standard,558,4.86,5,2,0
17,lycée,standard,700,4.83,3,4,1
18,lycée,standard,825,5.59,2,3,1
10,primaire,standard,632,6.43,2,4,1
6,primaire,standard,598,5.41,3,4,1
18,lycée,halal,888,5.12,5,4,1
12,collège,végétarien,492,6.59,3,3,0
10,primaire,standard,487,7.95,4,2,0
9,primaire,halal,592,6.69,3,4,1
11,primaire,standard,606,4.74,3,4,1
9,primaire,standard,770,5.48,4,3,0
15,collège,standard,721,5.3,2,4,1
18,lycée,végétarien,763,5.86,2,4,1
11,primaire,halal,700,6.59,2,4,1
7,primaire,standard,671,6.43,0,4,1
12,collège,standard,466,5.94,1,3,0
14,collège,végétarien,539,6.77,4,4,1
8,primaire,standard,914,7.21,0,3,1
10,primaire,standard,856,4.97,4,2,0
13,collège,standard,588,6.8,2,3,0
10,primaire,standard,583,5.53,1,2,0
18,lycée,sans gluten,628,6.26,2,4,1
10,primaire,standard,808,6.23,1,3,0
13,collège,standard,725,6.41,4,3,0
17,lycée,standard,813,4.53,5,4,1
17,lycée,sans gluten,569,5.8,2,4,1
8,primaire,sans gluten,433,5.71,1,2,0
13,collège,halal,615,6.15,5,3,1
7,primaire,halal,790,6.12,3,4,1
14,collège,standard,595,5.63,4,3,1
6,primaire,standard,437,5.48,2,4,1
12,collège,standard,905,6.12,2,5,1
8,primaire,standard,543,5.62,3,3,1
8,primaire,standard,681,6.05,2,3,0
12,collège,standard,782,6.46,2,4,1
17,lycée,sans gluten,600,6.17,1,2,1
8,primaire,standard,782,7.78,3,3,1
14,collège,standard,827,7.39,1,3,1
13,collège,standard,669,6.95,1,3,0
18,lycée,standard,737,5.89,2,3,1
11,primaire,standard,667,5.44,3,4,1
15,collège,végétarien,623,4.72,3,5,0
11,primaire,standard,916,6.28,5,4,1
12,collège,standard,757,4.65,4,4,1
15,collège,standard,725,4.55,3,4,1
15,collège,standard,781,5.28,0,3,0
16,lycée,standard,805,5.75,2,3,1
11,primaire,végétarien,611,5.75,0,4,1
17,lycée,sans gluten,660,6.28,3,4,1
12,collège,standard,602,5.76,1,3,0
16,lycée,végétarien,657,5.81,2,4,1
11,primaire,standard,645,5.96,3,4,1
13,collège,halal,944,6.48,3,2,1
10,primaire,standard,544,5.17,2,3,1
15,collège,standard,611,6.8,5,3,0
6,primaire,standard,706,6.8,1,4,1
9,primaire,standard,664,6.24,3,5,1
16,lycée,halal,770,5.6,1,3,0
18,lycée,végétarien,744,4.81,2,4,1
13,collège,standard,700,5.84,4,4,0
10,primaire,végétarien,733,6.19,2,3,1
14,collège,halal,634,5.79,1,2,0
11,primaire,standard,505,6.31,5,4,1
11,primaire,sans gluten,485,5.95,3,4,1
14,collège,standard,946,5.57,1,3,1
14,collège,végétarien,589,7.47,3,3,1
10,primaire,standard,763,4.66,1,2,0
16,lycée,végétarien,460,7.51,5,2,1
13,collège,standard,770,5.56,3,4,1
13,collège,standard,703,7.41,3,4,0
11,primaire,standard,589,7.47,3,2,0
16,lycée,standard,858,6.23,5,3,1
15,collège,standard,615,6.79,2,4,1
8,primaire,standard,849,5.37,3,4,1
7,primaire,standard,531,6.15,4,3,1
12,collège,végétarien,568,7.08,2,1,0
17,lycée,standard,612,5.31,5,4,1
11,primaire,végétarien,528,5.93,3,3,1
9,primaire,standard,803,5.15,3,5,1
12,collège,standard,716,5.16,3,3,1
8,primaire,halal,777,6.13,5,3,0
11,primaire,végétarien,644,5.69,3,3,0
17,lycée,végétarien,562,5.24,3,4,1
12,collège,standard,840,5.96,2,3,0
12,collège,standard,521,5.94,2,4,1
13,collège,sans gluten,620,7.21,3,4,1
16,lycée,halal,627,6.42,4,4,1
10,primaire,sans gluten,562,4.89,3,3,1
14,collège,halal,926,6.2,3,4,0
17,lycée,standard,626,6.5,0,3,0
7,primaire,standard,593,6.13,4,3,1
17,lycée,standard,765,5.77,1,3,0
10,primaire,standard,752,6.24,4,4,1
9,primaire,standard,922,5.95,0,3,1
13,collège,standard,491,7.54,2,3,0
12,collège,standard,658,8.02,5,3,1
14,collège,halal,681,6.89,3,4,0
16,lycée,standard,718,5.81,1,4,0
14,collège,standard,692,7.2,3,4,1
17,lycée,halal,677,6.73,3,5,1
18,lycée,standard,606,5.58,3,2,0
16,lycée,sans gluten,559,7.24,2,3,1
10,primaire,halal,778,4.67,2,4,1
11,primaire,végétarien,491,5.68,2,3,1
17,lycée,végétarien,576,5.85,0,3,0
11,primaire,standard,809,4.57,4,4,1
13,collège,standard,654,6.38,3,3,1
11,primaire,végétarien,650,6.35,1,4,1
16,lycée,standard,631,6.35,3,3,1
15,collège,standard,808,5.94,1,3,1
13,collège,standard,585,6.48,5,3,1
11,primaire,standard,806,5.92,1,3,1
6,primaire,standard,673,5.02,4,3,0
13,collège,végétarien,656,6.35,3,3,1
8,primaire,standard,805,6.38,1,3,0
16,lycée,standard,1072,6.3,1,2,0
18,lycée,standard,782,6.45,2,3,0
6,primaire,standard,554,4.98,4,3,1
7,primaire,végétarien,546,4.79,0,3,0
9,primaire,standard,804,5.73,4,4,1
12,collège,standard,752,6.22,0,4,1
7,primaire,standard,657,4.51,4,5,1
11,primaire,végétarien,625,4.97,3,5,1
13,collège,halal,690,6.22,5,3,0
16,lycée,végétarien,542,6.73,2,3,0
6,primaire,sans gluten,536,7.08,1,2,0
16,lycée,standard,702,4.45,5,3,1
12,collège,halal,658,7.15,4,4,1
8,primaire,standard,523,5.08,1,3,1
14,collège,standard,870,5.95,4,3,0
14,collège,standard,802,4.8,2,3,0
18,lycée,halal,726,6.8,0,3,0
14,collège,sans gluten,548,7.89,3,4,1
7,primaire,végétarien,575,6.79,2,3,1
9,primaire,standard,731,5.86,3,3,0
18,lycée,standard,538,6.93,1,2,0
11,primaire,standard,596,8.22,2,4,1
12,collège,standard,955,5.25,3,3,1
14,collège,standard,663,6.41,2,2,0
14,collège,standard,765,5.94,5,4,1
6,primaire,standard,595,6.64,3,4,0
11,primaire,halal,557,8.16,2,2,0
17,lycée,standard,1035,6.05,2,2,0
16,lycée,sans gluten,703,7.6,3,4,1
7,primaire,végétarien,758,6.39,2,4,0
9,primaire,végétarien,583,5.72,0,4,1
17,lycée,halal,1054,6.76,2,3,0
11,primaire,standard,627,5.86,0,4,1
13,collège,standard,719,6.88,4,3,1
12,collège,standard,749,5.7,2,4,0
8,primaire,standard,507,6.41,4,2,1
13,collège,standard,875,5.11,2,4,0
6,primaire,standard,493,5.25,1,3,0
16,lycée,sans gluten,931,7.94,5,2,0
15,collège,sans gluten,878,6.83,5,3,1
6,primaire,standard,677,5.97,2,4,1
13,collège,standard,691,6.68,3,3,1
13,collège,standard,691,5.47,3,4,0
13,collège,halal,574,6.55,1,4,1
9,primaire,standard,635,5.57,3,4,1
6,primaire,sans gluten,653,6.84,3,4,1
8,primaire,standard,648,6.85,3,3,1
16,lycée,standard,670,7.04,0,3,0
18,lycée,standard,981,5.25,3,2,0
16,lycée,végétarien,700,5.45,3,4,1
16,lycée,standard,640,5.57,5,4,1
6,primaire,standard,543,6.62,1,3,1
9,primaire,standard,706,5.88,0,4,1
11,primaire,standard,502,5.41,2,3,1
14,collège,standard,668,6.53,3,4,0
16,lycée,végétarien,587,5.92,5,3,1
18,lycée,standard,737,4.74,2,4,1
13,collège,standard,667,5.86,1,3,0
9,primaire,standard,628,6.57,1,3,1
15,collège,végétarien,584,6.53,1,2,1
18,lycée,standard,713,5.09,3,4,1
17,lycée,standard,884,4.91,2,3,0
15,collège,standard,727,5.06,1,4,1
10,primaire,standard,559,5.14,3,4,1
18,lycée,halal,595,5.98,3,4,1
14,collège,végétarien,504,6.6,3,4,1
17,lycée,végétarien,542,6.73,1,2,0
17,lycée,standard,575,5.71,3,4,1
15,collège,standard,757,5.33,2,5,1
11,primaire,standard,715,5.61,4,4,1
10,primaire,végétarien,638,6.67,1,4,1
8,primaire,standard,557,6.07,5,3,1
14,collège,végétarien,582,6.0,4,2,1
14,collège,standard,648,4.61,2,4,1
15,collège,standard,773,6.89,4,4,1
7,primaire,sans gluten,533,8.63,1,3,1
8,primaire,standard,688,4.76,2,4,1
14,collège,standard,840,5.22,0,2,1
7,primaire,standard,545,6.81,1,3,1
8,primaire,standard,571,5.16,4,3,0
13,collège,standard,861,5.14,4,2,0
17,lycée,végétarien,654,7.02,2,3,1
14,collège,standard,795,6.3,4,3,0
7,primaire,végétarien,662,5.52,5,4,1
16,lycée,végétarien,685,6.36,3,4,1
11,primaire,standard,613,7.66,4,3,1
11,primaire,standard,799,6.65,4,3,1
18,lycée,standard,772,5.22,3,3,1
15,collège,halal,669,5.25,3,4,0
13,collège,standard,722,4.94,5,3,1
15,collège,standard,584,5.99,2,3,1
13,collège,halal,701,7.54,1,4,0
14,collège,standard,606,6.46,5,3,1
8,primaire,standard,623,6.13,5,3,0
6,primaire,standard,484,6.67,1,2,0
16,lycée,standard,839,6.8,2,3,1
16,lycée,végétarien,862,6.92,3,4,0
6,primaire,végétarien,563,7.97,2,3,1
13,collège,halal,843,6.92,4,3,0
17,lycée,standard,946,6.49,2,1,0
15,collège,halal,957,6.93,1,3,0
10,primaire,halal,777,5.57,4,2,0
15,collège,sans gluten,712,6.94,2,4,1
9,primaire,standard,622,6.69,2,4,1
9,primaire,végétarien,665,5.12,5,4,1
14,collège,standard,566,6.87,4,2,0
13,collège,standard,662,5.9,2,3,1
18,lycée,standard,748,5.44,2,4,1
6,primaire,standard,706,6.78,2,3,1
7,primaire,standard,705,5.22,1,4,1
13,collège,standard,754,5.99,1,4,1
12,collège,sans gluten,555,5.26,2,3,0
12,collège,standard,607,6.47,3,3,1
13,collège,halal,615,6.21,3,4,1
11,primaire,standard,801,6.15,3,4,1
17,lycée,standard,811,5.28,3,4,1
13,collège,standard,501,5.74,1,4,0
13,collège,standard,750,6.14,5,3,1
15,collège,halal,648,6.12,3,3,0
9,primaire,standard,738,6.27,3,3,1
16,lycée,standard,909,6.84,2,3,0
6,primaire,standard,777,7.14,5,5,1
10,primaire,halal,638,7.7,2,4,1
17,lycée,standard,797,5.73,5,3,0
18,lycée,standard,759,4.53,2,3,0
12,collège,standard,522,5.49,3,4,1
18,lycée,standard,700,6.33,0,3,1
17,lycée,standard,807,4.86,4,4,1
13,collège,standard,695,6.86,0,3,0
11,primaire,standard,769,4.98,0,3,1
9,primaire,halal,786,5.39,5,4,1
15,collège,halal,673,5.04,2,4,1
11,primaire,sans gluten,644,6.1,5,3,0
8,primaire,sans gluten,583,8.19,3,5,1
9,primaire,végétarien,470,8.66,4,3,1
12,collège,sans gluten,421,7.42,3,2,0
13,collège,standard,813,5.46,3,4,0
14,collège,végétarien,546,5.67,2,4,1
6,primaire,standard,648,5.19,2,4,0
15,collège,végétarien,782,6.17,2,3,0
11,primaire,halal,915,4.97,3,5,1
7,primaire,végétarien,618,7.99,4,2,0
6,primaire,standard,586,4.66,2,2,0
7,primaire,sans gluten,717,6.62,3,4,1
8,primaire,standard,710,7.23,2,4,1
8,primaire,standard,717,4.88,1,4,0
9,primaire,végétarien,457,5.67,3,3,1
14,collège,standard,523,6.0,2,3,1
17,lycée,végétarien,587,6.06,3,3,1
8,primaire,halal,606,7.18,2,3,0
6,primaire,halal,822,7.04,2,4,1
17,lycée,standard,910,6.23,3,2,0
7,primaire,standard,556,4.87,1,3,1
11,primaire,standard,520,5.49,3,3,1
7,primaire,standard,525,7.12,2,4,1
10,primaire,halal,736,5.63,3,4,1
18,lycée,halal,870,6.28,5,4,1
15,collège,halal,719,5.33,4,3,0
7,primaire,halal,828,5.75,5,2,0
17,lycée,végétarien,777,4.86,2,3,1
10,primaire,standard,606,6.75,3,3,0
7,primaire,végétarien,553,5.09,4,3,1
14,collège,standard,584,5.84,5,4,1
10,primaire,standard,465,6.6,3,3,1
12,collège,végétarien,700,6.86,5,5,1
16,lycée,végétarien,506,7.35,3,3,0
16,lycée,standard,697,6.21,2,3,0
10,primaire,standard,764,5.37,3,5,1
18,lycée,halal,809,4.51,3,4,1
17,lycée,standard,922,5.1,4,2,0
9,primaire,standard,687,4.6,0,4,1
8,primaire,végétarien,548,7.14,3,3,1
6,primaire,halal,577,7.28,3,3,1
13,collège,halal,502,7.09,3,4,1
17,lycée,standard,707,6.03,3,3,1
15,collège,standard,650,7.13,2,3,1
12,collège,standard,747,5.28,3,5,1
12,collège,standard,954,5.84,4,4,1
10,primaire,standard,798,5.71,2,4,1
14,collège,standard,805,7.18,4,3,1
18,lycée,standard,843,7.04,1,2,1
15,collège,standard,872,5.69,1,4,1
7,primaire,végétarien,833,5.66,1,5,1
18,lycée,standard,721,6.04,3,3,1
9,primaire,standard,616,7.22,2,3,0
16,lycée,sans gluten,592,6.95,2,3,0
18,lycée,végétarien,677,7.29,5,3,1
14,collège,standard,1094,6.47,3,1,0
11,primaire,halal,822,4.82,3,3,0
14,collège,standard,803,6.08,4,3,0
7,primaire,halal,695,5.95,4,4,1
6,primaire,standard,619,5.27,4,4,1
